name,seedslabel
ABCB1,1
ABCB6,1
ABCC3,1
ACADL,1
ACOT7,1
ACSL1,1
ACSM3,1
ACSS2,1
ADAR,1
ADIPOQ,1
AHSA1,1
AKAP12,1
AKR1B10,1
AKR1C4,1
ALDH2,1
ANO1,1
ANXA2,1
APEX1,1
APOE,1
ASL,1
BAX,1
BIRC6,1
BRI3BP,1
CADM1,1
CARM1,1
CASP3,1
CASP8,1
CBX3,1
CD151,1
CDK2,1
CELF1,1
CFH,1
CHD1L,1
CHD4,1
CIRBP,1
CLIC1,1
CLIP1,1
COL18A1,1
COMT,1
CPS1,1
CPSF7,1
CRYL1,1
CSE1L,1
CTBS,1
CYP2C9,1
CYP2D6,1
CYP2E1,1
DDX3X,1
DENR,1
DHX9,1
DNM1L,1
DPP4,1
DPYS,1
DYNLL1,1
ECHS1,1
EHMT2,1
EIF2S2,1
EPCAM,1
FABP4,1
FAH,1
FAM83H,1
FBP1,1
FHIT,1
FHL2,1
FN1,1
FNDC3B,1
FOXK1,1
FUBP1,1
G6PD,1
GABPA,1
GMPS,1
GNMT,1
GNPAT,1
GOLM1,1
GOLPH3,1
GPT,1
GRN,1
HCFC1,1
HDAC1,1
HDAC2,1
HDAC6,1
HGS,1
HK1,1
HLA-A,1
HMGA1,1
HMGB3,1
HMGCS2,1
HNRNPA1,1
HNRNPC,1
HNRNPDL,1
HNRNPU,1
HPD,1
HSPA4,1
HSPB1,1
HSPG2,1
IGF2R,1
ILF2,1
IRF2BP2,1
KDM1A,1
KHDRBS1,1
KMO,1
LMNB1,1
MAN2A1,1
MAP1S,1
MAPK1,1
MAPK14,1
MAPK3,1
MARCKS,1
MAT1A,1
MBL2,1
METTL3,1
MLXIPL,1
MMP9,1
MPO,1
MRC1,1
MRPL38,1
MRPS5,1
MSH2,1
MTOR,1
NASP,1
NAT10,1
NCK1,1
NDRG1,1
NDRG2,1
NONO,1
NPM1,1
NUP155,1
NUP62,1
OAT,1
OGDHL,1
OGT,1
PARP1,1
PCK1,1
PCK2,1
PCNA,1
PDCD4,1
PDLIM3,1
PEA15,1
PEMT,1
PES1,1
PHKB,1
PKM,1
PLEC,1
POLR2E,1
POSTN,1
PPFIA1,1
PPOX,1
PRPF31,1
PSMD10,1
PSMG2,1
PTBP1,1
PTK2,1
PTMA,1
RAB22A,1
RAE1,1
RBX1,1
RECQL,1
RELA,1
RGN,1
RHEB,1
RIPK1,1
RPA1,1
RPRD1B,1
RPS27,1
RUVBL1,1
SAFB,1
SCD,1
SERPINA11,1
SERPINF1,1
SF3B4,1
SFPQ,1
SLC22A1,1
SLCO1B1,1
SLCO2B1,1
SMAD2,1
SMARCA4,1
SORD,1
SQSTM1,1
SRRM2,1
STMN1,1
SUMO1,1
THY1,1
TJP1,1
TLN2,1
TMEM176B,1
TOP1,1
TRRAP,1
TSG101,1
UFC1,1
UGP2,1
UTRN,1
VCAM1,1
VPS33B,1
VPS51,1
WNK1,1
XPO1,1
XPO4,1
XPO5,1
XRCC1,1
XRCC5,1
UGT2B7,1
UGT1A1,1
ZFR,1
TAGLN2,1
TRIM3,1
TIPRL,1
AADAC,0
AADAT,0
AAK1,0
AAR2,0
AARS2,0
AASS,0
ABAT,0
ABCB10,0
ABCB11,0
ABCC6,0
ABCD1,0
ABCF1,0
ABCF2,0
ABCF3,0
ABHD11,0
ABHD12,0
ABHD14B,0
ABI1,0
ABLIM1,0
ABLIM3,0
ACAA1,0
ACAA2,0
ACACB,0
ACAD11,0
ACADM,0
ACADS,0
ACADSB,0
ACBD3,0
ACBD4,0
ACIN1,0
ACLY,0
ACMSD,0
ACOT12,0
ACOT13,0
ACOT8,0
ACOX2,0
ACP6,0
ACSF3,0
ACSL3,0
ACSL4,0
ACSL5,0
ACSM1,0
ACSM2A,0
ACSM2B,0
ACSM5,0
ACSS1,0
ACSS3,0
ACTL6A,0
ACY1,0
ACY3,0
ADH1A,0
ADH1B,0
ADH1C,0
ADH4,0
ADH6,0
ADHFE1,0
ADK,0
ADSS,0
ADSSL1,0
AEBP1,0
AFMID,0
AGL,0
AGO2,0
AGPAT1,0
AGPAT2,0
AGPS,0
AGRN,0
AGXT2,0
AIFM2,0
AIP,0
AKAP13,0
AKAP9,0
AKR1D1,0
AKR7A3,0
ALAD,0
ALDH18A1,0
ALDH1B1,0
ALDH1L1,0
ALDH4A1,0
ALDH6A1,0
ALDH8A1,0
ALDOB,0
ALG1,0
ALOX5,0
ALYREF,0
AMDHD1,0
ANAPC1,0
ANAPC2,0
ANAPC5,0
ANAPC7,0
ANGPTL3,0
ANKHD1,0
ANKRD17,0
ANKRD28,0
ANKRD44,0
ANO6,0
ANP32A,0
ANP32B,0
ANP32E,0
ANTXR2,0
AOC3,0
AOX1,0
AP3B1,0
AP3D1,0
AP3M1,0
AP3S1,0
APBA1,0
API5,0
APIP,0
APOA1BP,0
APOA4,0
APOC1,0
APP,0
APPL2,0
ARAP1,0
ARFGAP1,0
ARFGAP3,0
ARFGEF1,0
ARFGEF2,0
ARFIP1,0
ARG1,0
ARHGAP17,0
ARHGAP5,0
ARHGEF1,0
ARHGEF2,0
ARHGEF5,0
ARHGEF7,0
ARIH1,0
ARIH2,0
ARL1,0
ARL8B,0
ARMC8,0
ARMCX3,0
ARSD,0
ARSE,0
ASCC2,0
ASCC3,0
ASGR2,0
ASNA1,0
ASPDH,0
ASPG,0
ASPN,0
ASPSCR1,0
ASS1,0
ATG5,0
ATG7,0
ATOX1,0
ATP11C,0
ATP1B3,0
ATP2B1,0
ATP2B2,0
ATP2B4,0
ATP6V0A1,0
ATP6V0D1,0
ATP6V1C1,0
ATRN,0
ATXN10,0
ATXN2,0
ATXN2L,0
AUP1,0
B4GALT1,0
BAAT,0
BAG2,0
BAG3,0
BAG6,0
BAIAP2L1,0
BANF1,0
BBOX1,0
BCAM,0
BCAT2,0
BCCIP,0
BCKDHA,0
BCKDHB,0
BCKDK,0
BCLAF1,0
BCO2,0
BDH1,0
BDH2,0
BHMT,0
BHMT2,0
BLVRA,0
BOD1L1,0
BOLA2,0
BRAP,0
BRCC3,0
BROX,0
BUB3,0
BUD31,0
BZW1,0
BZW2,0
C10orf76,0
C11orf58,0
C11orf68,0
C12orf10,0
C12orf29,0
C12orf5,0
C14orf142,0
C17orf49,0
C2,0
C21orf33,0
C2CD5,0
C4BPB,0
C7orf50,0
CA2,0
CA5A,0
CAB39,0
CACYBP,0
CAD,0
CALCOCO2,0
CALU,0
CAMK1D,0
CAP2,0
CAPG,0
CAPN2,0
CAPRIN1,0
CAT,0
CBR4,0
CBSL,0
CC2D1A,0
CCAR1,0
CCAR2,0
CCDC124,0
CCDC6,0
CCDC88A,0
CCNY,0
CD163,0
CD180,0
CD2AP,0
CD38,0
CD40,0
CD46,0
CD59,0
CD81,0
CD93,0
CD97,0
CDA,0
CDC37,0
CDC5L,0
CDC73,0
CDH13,0
CDK5,0
CDK6,0
CDK9,0
CDKAL1,0
CDKN2AIP,0
CDV3,0
CEBPZ,0
CECR1,0
CES1,0
CES2,0
CES3,0
CFHR5,0
CHAMP1,0
CHERP,0
CHMP4B,0
CHMP5,0
CHORDC1,0
CKAP4,0
CKAP5,0
CLASP1,0
CLASP2,0
CLEC4M,0
CLINT1,0
CLNS1A,0
CLYBL,0
CMBL,0
CMC1,0
CMTR1,0
CNIH4,0
CNN1,0
CNN3,0
CNNM3,0
CNOT1,0
COBL,0
COBLL1,0
COG1,0
COG2,0
COG3,0
COG4,0
COG5,0
COG7,0
COL15A1,0
COL1A1,0
COLGALT1,0
COPG2,0
COPS7B,0
COX20,0
CPD,0
CPSF1,0
CPSF2,0
CPSF3,0
CPSF6,0
CRELD2,0
CROT,0
CRTAP,0
CRYM,0
CSNK1A1,0
CSNK2A2,0
CSNK2B,0
CSRP2,0
CSTF1,0
CSTF2,0
CSTF2T,0
CSTF3,0
CTDP1,0
CTH,0
CTNNBL1,0
CTPS1,0
CTPS2,0
CTSA,0
CUL2,0
CUL4B,0
CWF19L1,0
CYP1A2,0
CYP2A6,0
CYP2B6,0
CYP2C8,0
CYP2J2,0
CYP3A4,0
CYP3A5,0
CYP3A7,0
CYP4A11,0
CYP4A22,0
CYP4F11,0
CYP4F2,0
CYP7A1,0
CYP8B1,0
DAB2,0
DAGLB,0
DAK,0
DAO,0
DARS2,0
DAXX,0
DAZAP1,0
DBN1,0
DBT,0
DCAF11,0
DCTPP1,0
DCXR,0
DDX1,0
DDX17,0
DDX18,0
DDX20,0
DDX21,0
DDX23,0
DDX39A,0
DDX39B,0
DDX42,0
DDX46,0
DDX49,0
DDX5,0
DDX54,0
DDX56,0
DDX6,0
DDX60,0
DEK,0
DENND4C,0
DEPTOR,0
DFNA5,0
DHRS1,0
DHRS2,0
DHRS4,0
DHTKD1,0
DHX15,0
DHX29,0
DHX30,0
DHX36,0
DHX57,0
DIS3,0
DKC1,0
DMGDH,0
DNAJB11,0
DNAJC1,0
DNAJC10,0
DNAJC13,0
DNAJC2,0
DNAJC3,0
DNAJC5,0
DNAJC7,0
DNAJC8,0
DNAJC9,0
DOCK10,0
DOCK2,0
DOCK4,0
DOCK6,0
DOCK7,0
DOCK8,0
DOCK9,0
DPY30,0
DR1,0
DRG1,0
DRG2,0
DSC2,0
DSP,0
DST,0
DTNA,0
DTYMK,0
DUSP23,0
DUT,0
DYNC1H1,0
DYNC1I2,0
DYNC1LI1,0
DYNLT3,0
ECHDC2,0
EDC4,0
EEF1A2,0
EEF1D,0
EEF1E1,0
EFEMP1,0
EFTUD1,0
EFTUD2,0
EGLN1,0
EHD3,0
EHD4,0
EHHADH,0
EI24,0
EIF2A,0
EIF2AK2,0
EIF2AK4,0
EIF2B1,0
EIF2D,0
EIF3A,0
EIF3B,0
EIF3D,0
EIF3E,0
EIF3G,0
EIF3H,0
EIF3J,0
EIF4A3,0
EIF4G2,0
EIF4H,0
EIF5B,0
ELAVL1,0
ELMO1,0
ELP3,0
EMC1,0
EMC3,0
EMC7,0
ENAH,0
ENGASE,0
ENO3,0
ENTPD1,0
ENTPD8,0
EP400,0
EPB41L3,0
EPDR1,0
EPHX2,0
EPS15L1,0
ERBB2IP,0
ERGIC3,0
ERH,0
ERLEC1,0
ERLIN1,0
ERLIN2,0
ERMP1,0
ERO1LB,0
ETF1,0
ETFDH,0
EWSR1,0
EXOC1,0
EXOC2,0
EXOC3,0
EXOC4,0
EXOC5,0
EXOC7,0
EXOSC2,0
EXOSC3,0
EXOSC7,0
F13A1,0
F2,0
F5,0
FABP1,0
FABP5,0
FAF1,0
FAHD2A,0
FAM114A2,0
FAM115A,0
FAM120A,0
FAM120B,0
FAM129A,0
FAM134A,0
FAM21A,0
FAM3C,0
FAM49B,0
FAM84B,0
FAM91A1,0
FAM96B,0
FAM98A,0
FAM98B,0
FARSA,0
FARSB,0
FBL,0
FBLN1,0
FBLN2,0
FBP2,0
FBXO22,0
FCGR2B,0
FCHO2,0
FEN1,0
FGGY,0
FGL2,0
FKBP11,0
FKBP1A,0
FKBP5,0
FKBP8,0
FLAD1,0
FMNL1,0
FMO3,0
FMO5,0
FMR1,0
FNBP1,0
FNBP1L,0
FOXRED1,0
FRK,0
FTCD,0
FTH1,0
FTL,0
FTSJ3,0
FUBP3,0
FUOM,0
FUS,0
FXR1,0
FYCO1,0
G3BP1,0
G3BP2,0
GAK,0
GALNT1,0
GALNT2,0
GALT,0
GAMT,0
GAPVD1,0
GAR1,0
GARS,0
GBA,0
GBA2,0
GBE1,0
GBF1,0
GBP2,0
GCAT,0
GCC1,0
GCDH,0
GCHFR,0
GCSH,0
GDA,0
GDI1,0
GEMIN5,0
GET4,0
GGA2,0
GGH,0
GGT5,0
GID8,0
GIG25,0
GIGYF1,0
GIGYF2,0
GIT2,0
GLDC,0
GLG1,0
GLMN,0
GLS,0
GLS2,0
GLUD1,0
GLUD2,0
GLYAT,0
GLYATL1,0
GLYCTK,0
GM2A,0
GNL1,0
GNL3,0
GNPNAT1,0
GNS,0
GOLGA2,0
GOLGA3,0
GOLGA4,0
GOLGA5,0
GOLGB1,0
GOLPH3L,0
GOLT1B,0
GORASP2,0
GOSR1,0
GOSR2,0
GOT2,0
GPAA1,0
GPAM,0
GPATCH8,0
GPC6,0
GPD1,0
GPD1L,0
GPD2,0
GPHN,0
GPR180,0
GPS1,0
GRHPR,0
GRIPAP1,0
GRWD1,0
GSDMD,0
GSK3A,0
GSK3B,0
GSN,0
GSTA1,0
GSTA2,0
GSTZ1,0
GTF2F1,0
GTF2I,0
GTPBP1,0
GUCY1A3,0
GYG2,0
GYS1,0
GYS2,0
H1F0,0
H1FX,0
HAAO,0
HABP2,0
HADH,0
HAGH,0
HAL,0
HAO1,0
HAO2,0
HARS2,0
HAT1,0
HBG1,0
HCK,0
HDDC2,0
HDGFRP2,0
HEATR1,0
HEATR5A,0
HERC1,0
HERC2,0
HERC4,0
HEXB,0
HGD,0
HGH1,0
HIP1,0
HIP1R,0
HIST1H1B,0
HK3,0
HKDC1,0
HLA-C,0
HLA-DMA,0
HLA-DQB1,0
HLA-F,0
HM13,0
HMGB2,0
HMGCL,0
HMHA1,0
HMOX1,0
HNRNPA0,0
HNRNPA3,0
HNRNPAB,0
HNRNPF,0
HNRNPH1,0
HNRNPH2,0
HNRNPH3,0
HNRNPK,0
HNRNPL,0
HNRNPLL,0
HNRNPM,0
HNRNPR,0
HNRNPUL1,0
HNRNPUL2,0
HOGA1,0
HOOK3,0
HP1BP3,0
HPGD,0
HRSP12,0
HS1BP3,0
HSD11B1,0
HSD17B2,0
HSD17B6,0
HSD17B8,0
HSP90AB1,0
HSPA14,0
HSPA1A,0
HSPA2,0
HSPBP1,0
HSPH1,0
HTATIP2,0
HTATSF1,0
HTT,0
HUWE1,0
IARS,0
IDE,0
IDH3B,0
IDH3G,0
IDI1,0
IDNK,0
IFI30,0
IFIT2,0
IFITM3,0
IFT27,0
IGBP1,0
IGFBP7,0
IK,0
IKBIP,0
IKBKAP,0
IL16,0
IL18,0
ILF3,0
IMPA1,0
IMPAD1,0
IMPDH2,0
INPP5D,0
INSR,0
INTS1,0
INTS3,0
INTS5,0
IPO11,0
IPO4,0
IPO7,0
IPO9,0
IRAK4,0
IRF3,0
ITGA6,0
ITGB5,0
ITIH2,0
ITIH3,0
ITM2B,0
ITPA,0
ITSN2,0
KDELR1,0
KDM3B,0
KHK,0
KHSRP,0
KIAA0196,0
KIAA0368,0
KIAA0391,0
KIAA1033,0
KIAA1468,0
KIF1B,0
KIF1C,0
KIF21A,0
KIF2A,0
KIF5B,0
KLC1,0
KLC4,0
KNTC1,0
KPNA4,0
KYNU,0
LAD1,0
LAMB1,0
LAMB2,0
LAMC1,0
LARP1,0
LARP7,0
LARS,0
LARS2,0
LBP,0
LBR,0
LDHD,0
LEMD2,0
LEPRE1,0
LETM1,0
LGALS3,0
LGALS8,0
LHPP,0
LILRB5,0
LIMA1,0
LIMD1,0
LIN7C,0
LLGL2,0
LMCD1,0
LMNA,0
LPA,0
LPCAT2,0
LPGAT1,0
LRRC41,0
LSM1,0
LSM2,0
LSM3,0
LSM4,0
LSM5,0
LSM6,0
LSM8,0
LSP1,0
LTBP1,0
LTF,0
LUC7L2,0
LUC7L3,0
LYN,0
MAGED2,0
MAGOH,0
MAN1B1,0
MANBA,0
MAP1B,0
MAP4,0
MAP4K4,0
MAPK9,0
MAPRE1,0
MARK2,0
MARS,0
MASP2,0
MATR3,0
MCAM,0
MCEE,0
MCM2,0
MCM3,0
MCM4,0
MCM6,0
MCMBP,0
MCTS1,0
ME2,0
MED23,0
MED24,0
METTL7B,0
MFF,0
MFN1,0
MGAT1,0
MGAT2,0
MGEA5,0
MGLL,0
MGST1,0
MLYCD,0
MME,0
MMS19,0
MNDA,0
MOB4,0
MON2,0
MPDZ,0
MPP6,0
MPRIP,0
MRC2,0
MRE11A,0
MRPL1,0
MRPL11,0
MRPL12,0
MRPL13,0
MRPL15,0
MRPL16,0
MRPL17,0
MRPL19,0
MRPL2,0
MRPL20,0
MRPL21,0
MRPL22,0
MRPL24,0
MRPL27,0
MRPL3,0
MRPL37,0
MRPL39,0
MRPL4,0
MRPL40,0
MRPL41,0
MRPL44,0
MRPL45,0
MRPL47,0
MRPL48,0
MRPL49,0
MRPL53,0
MRPL57,0
MRPL9,0
MRPS11,0
MRPS14,0
MRPS16,0
MRPS18A,0
MRPS18B,0
MRPS2,0
MRPS21,0
MRPS22,0
MRPS23,0
MRPS24,0
MRPS25,0
MRPS27,0
MRPS30,0
MRPS31,0
MRPS33,0
MRPS34,0
MRPS35,0
MRPS7,0
MRPS9,0
MSH6,0
MSRA,0
MT2A,0
MTA2,0
MTHFD1,0
MTPAP,0
MTSS1,0
MTSS1L,0
MTTP,0
MUT,0
MVK,0
MVP,0
MX1,0
MYBBP1A,0
MYH14,0
MYO18A,0
MYO1D,0
MYO1E,0
MYO6,0
MYOF,0
NAA10,0
NAA15,0
NAA16,0
NAA50,0
NADK2,0
NAE1,0
NAP1L1,0
NAP1L4,0
NARS,0
NCBP1,0
NCKAP1,0
NCKAP1L,0
NCL,0
NCSTN,0
NDRG3,0
NDUFA11,0
NDUFA7,0
NDUFA9,0
NDUFAF2,0
NDUFAF4,0
NDUFAF7,0
NDUFB4,0
NDUFB8,0
NEDD4L,0
NEK7,0
NELFB,0
NES,0
NEU1,0
NFKB2,0
NGEF,0
NHP2,0
NHSL1,0
NID1,0
NIT2,0
NME7,0
NMI,0
NMRK1,0
NMT1,0
NNMT,0
NOP2,0
NOP56,0
NOS3,0
NPEPL1,0
NPLOC4,0
NPRL2,0
NPTN,0
NR3C1,0
NRBP1,0
NRD1,0
NSF,0
NSUN2,0
NT5C2,0
NT5C3A,0
NTPCR,0
NUCB2,0
NUDC,0
NUDCD1,0
NUDCD2,0
NUDCD3,0
NUDT21,0
NUDT6,0
NUP107,0
NUP133,0
NUP153,0
NUP160,0
NUP188,0
NUP205,0
NUP210,0
NUP214,0
NUP37,0
NUP43,0
NUP50,0
NUP54,0
NUP88,0
NUP93,0
NUP98,0
NUPL1,0
NXN,0
OAS3,0
OCLN,0
OGN,0
OLA1,0
OPA1,0
OPTN,0
OS9,0
OSGEP,0
OTC,0
OTULIN,0
OVCA2,0
OXA1L,0
OXLD1,0
P4HA1,0
PABPC1,0
PABPC4,0
PABPN1,0
PACSIN3,0
PAFAH1B3,0
PAH,0
PAIP1,0
PAK1,0
PAK2,0
PALLD,0
PALM,0
PALM2,0
PAPOLA,0
PAPSS1,0
PARP10,0
PARP14,0
PARP4,0
PBDC1,0
PBLD,0
PBXIP1,0
PC,0
PCCA,0
PCNT,0
PCOLCE,0
PCTP,0
PCYT1A,0
PDAP1,0
PDCD10,0
PDCD5,0
PDCL3,0
PDE2A,0
PDE4DIP,0
PDLIM2,0
PDLIM7,0
PDP1,0
PDPR,0
PDS5A,0
PDS5B,0
PDXDC1,0
PECAM1,0
PELO,0
PELP1,0
PEX1,0
PEX11B,0
PEX11G,0
PEX16,0
PEX6,0
PFDN2,0
PFDN4,0
PFDN5,0
PFDN6,0
PFKFB1,0
PFKP,0
PGM1,0
PGM2L1,0
PGP,0
PHC2,0
PHF5A,0
PHGDH,0
PHKA2,0
PHKG2,0
PHYKPL,0
PI4K2A,0
PIGR,0
PIK3R4,0
PIN4,0
PIP4K2C,0
PIPOX,0
PIR,0
PITPNC1,0
PITRM1,0
PKN2,0
PLBD1,0
PLBD2,0
PLCG2,0
PLEKHM1,0
PLIN2,0
PLOD1,0
PLOD2,0
PLOD3,0
PLP2,0
PLRG1,0
PLS1,0
PMVK,0
PNN,0
PNPT1,0
POLDIP3,0
POLR1C,0
POLR2A,0
POLR2B,0
POLR2C,0
POLR2H,0
POLRMT,0
PON1,0
PPID,0
PPIH,0
PPIL1,0
PPM1F,0
PPM1G,0
PPME1,0
PPP1CC,0
PPP1R12A,0
PPP1R14B,0
PPP1R8,0
PPP2R1B,0
PPP2R5A,0
PPP2R5D,0
PPP2R5E,0
PPP4C,0
PPP4R1,0
PPP4R2,0
PPP6R1,0
PPP6R3,0
PRELP,0
PREPL,0
PRKAR2B,0
PRKCD,0
PRKDC,0
PRMT1,0
PRMT5,0
PROC,0
PRODH,0
PRODH2,0
PROS1,0
PRPF18,0
PRPF19,0
PRPF4,0
PRPF40A,0
PRPF6,0
PRPF8,0
PRRC2C,0
PRUNE,0
PSAT1,0
PSIP1,0
PSME3,0
PSME4,0
PSMG1,0
PSPC1,0
PSPH,0
PTBP3,0
PTCD3,0
PTDSS1,0
PTGIS,0
PTGR1,0
PTP4A2,0
PTPN1,0
PTPN12,0
PTPN23,0
PTPRCAP,0
PTPRF,0
PUF60,0
PUM1,0
PURB,0
PUS1,0
PVRL2,0
PWP1,0
PXMP2,0
PXMP4,0
PYGL,0
QDPR,0
QPRT,0
QRICH1,0
RAB13,0
RAB1A,0
RAB35,0
RAB3GAP1,0
RAB4A,0
RAB6C,0
RABGAP1,0
RABGAP1L,0
RAD21,0
RAD50,0
RAI14,0
RALGAPA2,0
RALGAPB,0
RALY,0
RANBP2,0
RANBP3,0
RANBP6,0
RANGAP1,0
RB1CC1,0
RBBP4,0
RBBP5,0
RBBP7,0
RBKS,0
RBM10,0
RBM12,0
RBM14,0
RBM15,0
RBM17,0
RBM22,0
RBM26,0
RBM33,0
RBM39,0
RBM4,0
RBM47,0
RBM8A,0
RBMX,0
RBP1,0
RBP5,0
RCC2,0
RCN2,0
RCN3,0
REEP6,0
REPIN1,0
REXO2,0
RFC3,0
RFC4,0
RFC5,0
RHOG,0
RIC8A,0
RIOK1,0
RMDN2,0
RNF20,0
RNF213,0
RNMT,0
RNPS1,0
ROCK2,0
RPA2,0
RPAP3,0
RPL21,0
RPL23,0
RPL24,0
RPL36A,0
RPL36AL,0
RPMS17,0
RPRD2,0
RQCD1,0
RRAGC,0
RSL1D1,0
RUVBL2,0
S100A10,0
S100A13,0
S100A16,0
SAE1,0
SARDH,0
SARNP,0
SART1,0
SART3,0
SAT2,0
SBNO1,0
SCAMP1,0
SCAMP3,0
SCP2,0
SCRIB,0
SCRN1,0
SCYL2,0
SDC2,0
SDCBP,0
SDS,0
SDSL,0
SEC14L2,0
SEC16A,0
SEC16B,0
SEC23B,0
SEH1L,0
SEL1L,0
SELENBP1,0
SELO,0
SERBP1,0
SERPINA10,0
SERPINA4,0
SERPINA5,0
SERPINB1,0
SERPIND1,0
SERPINH1,0
SET,0
SF1,0
SF3A1,0
SF3A2,0
SF3A3,0
SF3B1,0
SF3B2,0
SF3B3,0
SF3B5,0
SF3B6,0
SFN,0
SFXN5,0
SGTA,0
SH3BP1,0
SH3GLB1,0
SH3GLB2,0
SH3KBP1,0
SHC1,0
SHMT1,0
SHPK,0
SIN3A,0
SIPA1L3,0
SIRT2,0
SKIV2L,0
SKIV2L2,0
SKP1,0
SLC12A7,0
SLC19A3,0
SLC1A4,0
SLC25A20,0
SLC27A5,0
SLC2A2,0
SLC30A7,0
SLC35B2,0
SLC37A4,0
SLC39A5,0
SLC39A9,0
SLC40A1,0
SLC46A1,0
SLC4A1,0
SLC4A1AP,0
SLC9A3R2,0
SLCO1B3,0
SLTM,0
SMARCA5,0
SMARCB1,0
SMARCC2,0
SMARCD2,0
SMARCE1,0
SMC1A,0
SMC3,0
SMCHD1,0
SMEK1,0
SMG1,0
SMU1,0
SNAPIN,0
SNRNP200,0
SNRNP40,0
SNRNP70,0
SNRPA,0
SNRPA1,0
SNRPB,0
SNRPB2,0
SNRPC,0
SNRPD1,0
SNRPD2,0
SNRPD3,0
SNRPE,0
SNW1,0
SNX12,0
SNX27,0
SNX4,0
SNX8,0
SON,0
SP100,0
SPARC,0
SPG20,0
SPG21,0
SPTBN2,0
SQLE,0
SRI,0
SRM,0
SRP14,0
SRP19,0
SRP68,0
SRP72,0
SRP9,0
SRPK2,0
SRRM1,0
SRRT,0
SRSF10,0
SRSF11,0
SRSF2,0
SRSF3,0
SRSF4,0
SRSF5,0
SRSF6,0
SRSF7,0
SRSF9,0
SSB,0
SSBP1,0
SSRP1,0
SSSCA1,0
STAB1,0
STAM,0
STAM2,0
STAMBP,0
STAT1,0
STAT2,0
STAU1,0
STEAP3,0
STIP1,0
STK24,0
STK3,0
STK38,0
STK4,0
STRN,0
STX11,0
STX16,0
STX5,0
SUB1,0
SULT1A1,0
SULT1A2,0
SULT1B1,0
SULT1E1,0
SULT2A1,0
SUOX,0
SUPT16H,0
SUPT5H,0
SUPT6H,0
SUPV3L1,0
SVIL,0
SYK,0
SYMPK,0
SYNGR2,0
SYNJ1,0
SYNPO,0
SYNRG,0
SYVN1,0
TAB1,0
TAF15,0
TAOK1,0
TAOK3,0
TAP1,0
TAP2,0
TAPBP,0
TARS2,0
TAT,0
TATDN1,0
TBC1D13,0
TBC1D23,0
TBC1D2B,0
TBC1D5,0
TBCB,0
TBCD,0
TBCE,0
TBL1XR1,0
TBRG4,0
TCEA1,0
TCEB2,0
TCERG1,0
TCOF1,0
TENC1,0
TES,0
TFB2M,0
TFPI,0
TFRC,0
TGM2,0
THBS1,0
THOC2,0
THOC3,0
THOC6,0
THRAP3,0
THUMPD1,0
THUMPD3,0
TIAL1,0
TIMM50,0
TIMM9,0
TIMMDC1,0
TM9SF2,0
TM9SF3,0
TMEM106B,0
TMEM33,0
TMLHE,0
TMPO,0
TNPO1,0
TNPO2,0
TNPO3,0
TOE1,0
TOMM22,0
TOMM34,0
TOMM40,0
TOP3B,0
TOR1AIP1,0
TP53BP2,0
TPD52,0
TPR,0
TRA2B,0
TRIM28,0
TRIP11,0
TRIP4,0
TRMT1,0
TRMT10C,0
TRMT112,0
TRNT1,0
TROVE2,0
TSC22D4,0
TSN,0
TSNAX,0
TSSC1,0
TTC1,0
TTC27,0
TTC37,0
TUBB2A,0
TUBB2B,0
TUBB3,0
TUBB4A,0
TUBB6,0
TUBG1,0
TXNDC12,0
U2AF2,0
U2AFBP,0
U2SURP,0
UBA2,0
UBA3,0
UBAP2L,0
UBE2H,0
UBE2I,0
UBE2M,0
UBE2O,0
UBE2Z,0
UBE4A,0
UBL7,0
UBLCP1,0
UBQLN2,0
UBQLN4,0
UBR4,0
UBR5,0
UBXN1,0
UCHL1,0
UEVLD,0
UFD1L,0
UGT1A4,0
UGT2B10,0
UGT2B15,0
UIMC1,0
UNC45A,0
UNG,0
UPF1,0
UPF2,0
UROC1,0
USP14,0
USP19,0
USP24,0
USP39,0
USP4,0
USP7,0
USP8,0
VAMP7,0
VAMP8,0
VARS,0
VBP1,0
VPRBP,0
VPS11,0
VPS13C,0
VPS16,0
VPS18,0
VPS26A,0
VPS28,0
VPS33A,0
VPS45,0
VPS52,0
WAS,0
WASF2,0
WASL,0
WBP11,0
WBSCR16,0
WDR11,0
WDR5,0
WDR61,0
WDR81,0
WDR82,0
WHSC1,0
WRNIP1,0
XPOT,0
YKT6,0
YME1L1,0
ZADH2,0
ZC3H15,0
ZC3H7A,0
ZC3HC1,0
ZCCHC8,0
ZFPL1,0
ZNF787,0
ZPR1,0
TDO2,0
XRN2,0
UPB1,0
UGT1A6,0
UGT1A9,0
UGT2B4,0
HEPACAM,0
SLC27A2,0
XRCC6,0
TPD52L2,0
MYO7A,0
KIAA1522,0
ZYX,0
SUGCT,0
RMDN1,0
SEPHS1,0
TTC38,0
STBD1,0
STARD5,0
WBP2,0
SCAMP2,0
TTPA,0
TTC36,0
XPNPEP2,0
TMEM70,0
TREX1,0
OCIAD2,0
UGT2B17,0
PGLYRP1,0
RDH16,0
VCPIP1,0
TBC1D4,0
RARRES2,0
SLC25A25,0
TDRKH,0
YLPM1,0
ZC3HAV1,0
XDH,0
ZAK,0
IYD,0
PHYHD1,0
TMPRSS6,0
PTGS1,0
YTHDF3,0
TTC39B,0
SPATS2L,0
RUFY1,0
TMEM63A,0
VTN,0
PON3,0
RAB3GAP2,0
NQO2,0
WDR26,0
ZRANB2,0
ERICH5,0
SPRYD4,0
SLC25A15,0
PLXDC2,0
VSIG4,0
SPNS1,0
ZNF638,0
ZNF207,0
SLC35E1,0
ZW10,0
TSPAN9,0
FHR2,0
WNK3,0
S100P,0
PALM3,0
TPCN1,0
UBTF,0
ZFYVE26,0
SYPL1,0
TNXB,0
PRG4,0
PXDN,0
TMEM41B,0
RPS6KA3,0
VNN1,0
TXLNA,0
UXS1,0
TJP3,0
PPP1R18,0
SDPR,0
TP53I3,0
PTPRK,0
GGACT,0
HSD17B13,0
VIL1,0
TEX264,0
SWAP70,0
TM9SF1,0
STEAP4,0
SMPD4,0
YIPF3,0
THEMIS2,0
TM9SF4,0
HGNC:9982,0
SH2D4A,0
VWA5A,0
UACA,0
SLC25A24,0
ZFYVE16,0
NFXL1,0
OGFR,0
SLC38A10,0
WDR91,0
ZC3HAV1L,0
TMEM2,0
